﻿<parameters>
  <parameter name="IIS Web Application Name" defaultValue="CloudStack" tags="IisApp">
    <parameterEntry kind="ProviderPath" scope="IisApp" match="^X:\\Dropbox\\Code\\SourceControl\\VipSwapper\\CloudSense\\CloudStack\\obj\\Release\\Package\\PackageTmp$" />
    <parameterEntry kind="ProviderPath" scope="setAcl" match="^X:\\Dropbox\\Code\\SourceControl\\VipSwapper\\CloudSense\\CloudStack\\obj\\Release\\Package\\PackageTmp$" />
  </parameter>
  <parameter name="Add write permission to App_Data Folder" description="Add write permission to App_Data folder" defaultValue="{IIS Web Application Name}/App_Data" tags="Hidden">
    <parameterEntry kind="ProviderPath" scope="setAcl" match="^X:\\Dropbox\\Code\\SourceControl\\VipSwapper\\CloudSense\\CloudStack\\obj\\Release\\Package\\PackageTmp\\App_Data$" />
  </parameter>
  <parameter name="DataAccess-Web.config Connection String" description="DataAccess Connection String used in web.config by the application to access the database." defaultValue="Data Source=.\SQLEXPRESS; AttachDbFilename=|DataDirectory|DataAccess.mdf; Integrated Security=True; User Instance=True" tags="SqlConnectionString">
    <parameterEntry kind="XmlFile" scope="X:\\Dropbox\\Code\\SourceControl\\VipSwapper\\CloudSense\\CloudStack\\obj\\Release\\Package\\PackageTmp\\Web\.config$" match="/configuration/connectionStrings/add[@name='DataAccess']/@connectionString" />
  </parameter>
</parameters>